run,run_id,n_questions,Recall@5,Recall@10,Citation Precision,Faithfulness,Hallucination Rate,True-Refusal Rate,Over-Refusal Rate
D: whole_abstract+hybrid+rerank,bb1d9be74c,50,0.6756756756756757,0.7027027027027027,0.9111111111111111,0.7157360406091371,0.5714285714285714,0.6153846153846154,0.0
E: sentence_window+hybrid+rerank,6514a2caaf,50,0.7297297297297297,0.7837837837837838,0.918918918918919,0.776536312849162,0.3902439024390244,0.6923076923076923,0.0
